Date,Open,High,Low,Close,Adj Close,Volume
2023-04-11,24.750000,24.750000,24.400000,24.466000,24.169973,42600
2023-04-12,24.870001,24.870001,24.320000,24.330000,24.035620,18500
2023-04-13,24.250000,25.080000,24.250000,25.056999,24.753824,20400
2023-04-14,25.200001,25.209999,24.680000,25.070000,24.766665,15200
2023-04-17,25.010000,25.090000,24.730000,24.955999,24.654045,11800
2023-04-18,25.040001,25.063000,24.809999,24.892000,24.590820,5200
2023-04-19,24.750000,25.020000,24.750000,24.910000,24.608603,3400
2023-04-20,24.855000,24.870001,24.750000,24.799999,24.499931,3200
2023-04-21,24.830000,24.972000,24.795000,24.900000,24.598722,2600
2023-04-24,25.065001,25.065001,24.799000,24.840000,24.539448,2500
2023-04-25,24.615000,24.615000,24.290001,24.290001,23.996105,3700
2023-04-26,24.840000,25.080000,24.709999,24.760000,24.460417,10400
2023-04-27,25.750000,26.299999,25.670000,26.150000,25.833597,10900
2023-04-28,26.160000,26.160000,25.875000,26.080000,25.764446,8600
2023-05-01,25.940001,26.040001,25.900000,25.976999,25.662691,4000
2023-05-02,26.020000,26.035000,25.670000,25.799999,25.487833,5600
2023-05-03,26.030001,26.030001,25.709999,25.750000,25.438438,14500
2023-05-04,25.511000,25.660000,25.511000,25.620001,25.310013,8700
2023-05-05,25.790001,26.080000,25.770000,26.002001,25.687389,10800
2023-05-08,25.882000,26.129999,25.882000,26.129999,25.813839,3300
2023-05-09,26.156000,26.156000,26.030001,26.030001,25.715052,1300
2023-05-10,26.309999,26.650000,26.247000,26.540001,26.218880,5800
2023-05-11,26.760000,27.080000,26.600000,26.920000,26.594282,12000
2023-05-12,26.900000,26.950001,26.570000,26.750000,26.426338,9800
2023-05-15,26.910000,26.910000,26.680000,26.860001,26.535009,3300
2023-05-16,26.900000,27.280001,26.900000,27.129999,26.801741,12400
2023-05-17,27.309999,27.530001,27.219999,27.497999,27.165287,9100
2023-05-18,27.629999,27.969999,27.620001,27.969999,27.631577,20400
2023-05-19,27.900000,27.920000,27.760000,27.841999,27.505125,19500
2023-05-22,27.879999,28.100000,27.879999,27.930000,27.592062,10000
2023-05-23,27.879999,27.930000,27.629999,27.629999,27.295691,14400
2023-05-24,27.620001,27.700001,27.514999,27.639999,27.305569,7200
2023-05-25,27.889999,28.040001,27.719999,27.980000,27.641457,5200
2023-05-26,27.950001,28.760000,27.950001,28.670000,28.323107,8500
2023-05-30,29.209999,29.209999,28.670000,28.879999,28.530565,16600
2023-05-31,28.850000,28.920000,28.636999,28.722000,28.374477,6000
2023-06-01,28.840000,29.219999,28.840000,29.153000,28.800262,3400
2023-06-02,29.500000,29.610001,29.264999,29.400000,29.044275,14900
2023-06-05,29.559999,29.790001,29.360001,29.379999,29.024517,7900
2023-06-06,29.610001,29.610001,29.441000,29.500000,29.143064,2900
2023-06-07,29.680000,29.730000,28.610001,28.610001,28.263834,9300
2023-06-08,28.632999,29.040001,28.629999,28.885000,28.535507,4700
2023-06-09,28.930000,29.089001,28.860001,28.940001,28.589842,10400
2023-06-12,29.035999,29.510000,29.035999,29.510000,29.152945,9000
2023-06-13,29.549999,29.600000,29.412001,29.461000,29.104538,6100
2023-06-14,29.520000,29.666000,29.180000,29.650000,29.291250,6300
2023-06-15,29.770000,30.180000,29.770000,30.180000,29.814837,2300
2023-06-16,30.190001,30.190001,29.850000,29.858000,29.496733,11600
2023-06-20,29.600000,29.860001,29.559999,29.799999,29.439436,4700
2023-06-21,29.600000,29.760000,29.400000,29.500000,29.143064,5900
2023-06-22,29.280001,30.180000,29.280001,30.180000,29.814837,7900
2023-06-23,29.775000,30.070000,29.775000,30.070000,29.706169,3600
2023-06-26,30.045000,30.139999,29.370001,29.430000,29.073914,5600
2023-06-27,29.719999,29.950001,29.719999,29.780001,29.419680,4900
2023-06-28,29.900000,30.160000,29.840000,29.889999,29.528345,5700
2023-06-29,29.934999,29.959999,29.629999,29.690001,29.330767,8200
2023-06-30,29.889999,30.290001,29.889999,30.250000,29.883991,3200
2023-07-03,30.309999,30.309999,30.010000,30.150000,29.785200,3300
2023-07-05,30.190001,30.487000,30.190001,30.400000,30.032175,5800
2023-07-06,30.150000,30.260000,30.150000,30.260000,29.893871,800
2023-07-07,30.240000,30.440001,30.197001,30.197001,29.831633,4300
2023-07-10,30.000000,30.000000,29.500000,29.690001,29.330767,4200
2023-07-11,29.750000,29.959999,29.719999,29.930000,29.567862,5700
2023-07-12,30.500000,30.549999,30.340000,30.450001,30.081572,2600
2023-07-13,30.780001,31.200001,30.780001,31.200001,30.822496,3700
2023-07-14,31.326000,31.469999,31.070000,31.100000,30.723707,3900
2023-07-17,31.139999,31.299999,31.139999,31.190001,30.812618,4400
2023-07-18,31.000000,31.549999,30.990000,31.360001,30.980560,3800
2023-07-19,31.450001,31.670000,31.360001,31.540001,31.158384,3700
2023-07-20,31.469999,31.480000,30.615999,30.615999,30.245562,3400
2023-07-21,30.830000,30.830000,30.370001,30.370001,30.002539,2500
2023-07-24,30.730000,30.730000,30.430000,30.430000,30.061813,2300
2023-07-25,30.600000,30.725000,30.600000,30.700001,30.328547,2000
2023-07-26,30.879999,30.879999,30.600000,30.760000,30.387819,4100
2023-07-27,31.490000,31.527000,30.980000,31.010000,30.634794,1300
2023-07-28,31.347000,31.870001,31.347000,31.805000,31.420177,4800
2023-07-31,31.940001,31.940001,31.570000,31.629999,31.247292,1800
2023-08-01,31.650000,31.650000,31.600000,31.600000,31.217657,1100
2023-08-02,31.170000,31.170000,30.879999,30.879999,30.506369,4600
2023-08-03,30.799999,31.030001,30.700001,30.855000,30.481670,3400
2023-08-04,31.445000,31.548000,30.910000,30.910000,30.536005,3900
2023-08-07,31.049999,31.280001,31.000000,31.280001,30.901529,3000
2023-08-08,31.153999,31.153999,30.987000,31.010000,30.634794,2500
2023-08-09,30.549999,30.930000,30.540001,30.660000,30.289030,2300
2023-08-10,32.020000,32.020000,30.716999,30.716999,30.345339,2600
2023-08-11,30.480000,30.600000,30.350000,30.514999,30.145782,3100
2023-08-14,30.770000,30.879999,30.733000,30.879999,30.506369,700
2023-08-15,30.555000,30.555000,30.552999,30.552999,30.183325,800
2023-08-16,30.549999,30.549999,30.090000,30.090000,29.725927,3400
2023-08-17,29.889999,30.260000,29.879999,29.879999,29.518467,6300
2023-08-18,29.049999,29.570000,29.049999,29.570000,29.212219,3400
2023-08-21,29.799999,30.000000,29.629999,30.000000,29.637016,2100
2023-08-22,30.250000,30.250000,30.000000,30.000000,29.637016,3400
2023-08-23,30.590000,30.660000,30.530001,30.530001,30.160603,1300
2023-08-24,30.643999,30.643999,29.900000,29.900000,29.538225,2200
2023-08-25,29.730000,30.059999,29.500000,30.030001,29.666655,4500
2023-08-28,30.209999,30.350000,30.080000,30.219999,29.854353,3400
2023-08-29,30.750000,30.990000,30.750000,30.875000,30.501429,2500
2023-08-30,31.000000,31.030001,30.934999,30.969999,30.595278,2800
2023-08-31,31.283001,31.320000,31.243999,31.243999,30.865963,800
2023-09-01,31.129999,31.261000,31.129999,31.160000,30.782980,2600
2023-09-05,31.219999,31.379999,31.139999,31.378000,30.998343,1900
2023-09-06,31.028999,31.028999,30.930000,30.930000,30.555763,1000
2023-09-07,30.540001,30.860001,30.540001,30.860001,30.486612,500
2023-09-08,31.010000,31.240000,31.010000,31.040001,30.664433,2000
2023-09-11,31.430000,31.612000,31.430000,31.549999,31.168261,1400
2023-09-12,31.219999,31.219999,31.090000,31.090000,30.713827,1100
2023-09-13,31.500000,31.500000,31.059999,31.360001,30.980560,9700
2023-09-14,31.690001,31.799999,31.690001,31.715000,31.331264,2700
2023-09-15,31.240000,31.240000,31.072001,31.072001,30.696045,700
2023-09-18,31.252001,31.252001,31.120001,31.150000,30.773100,3500
2023-09-19,31.090000,31.219999,31.090000,31.219999,30.842253,1000
2023-09-20,30.959999,30.990000,30.493000,30.493000,30.124052,700
2023-09-21,30.000000,30.150000,29.900000,29.900000,29.538225,6800
2023-09-22,30.285000,30.285000,29.910999,29.910999,29.549091,2100
2023-09-25,29.959999,30.180000,29.959999,30.100000,29.735806,1500
2023-09-26,29.840000,29.858000,29.469999,29.559999,29.202337,4400
2023-09-27,29.430000,29.677999,29.299999,29.540001,29.182581,6500
2023-09-28,29.500000,29.900000,29.445000,29.740000,29.380161,7500
2023-09-29,30.209999,30.209999,29.680000,29.780001,29.419680,1600
2023-10-02,29.799999,30.350000,29.799999,30.350000,29.982780,2000
2023-10-03,30.160000,30.160000,29.620001,29.620001,29.261614,1800
2023-10-04,29.820000,30.370001,29.820000,30.340000,29.972902,46300
2023-10-05,30.360001,30.410000,29.952000,30.361000,29.993647,4700
2023-10-06,30.340000,30.950001,30.340000,30.950001,30.575521,12800
2023-10-09,30.700001,31.080000,30.549999,30.990000,30.615036,3800
2023-10-10,31.040001,31.430000,31.040001,31.155001,30.778042,4200
2023-10-11,31.420000,31.620001,31.240000,31.608000,31.225559,16300
2023-10-12,31.620001,31.870001,31.236000,31.480000,31.099110,11300
2023-10-13,31.500000,31.500000,30.750000,30.750000,30.377941,6900
2023-10-16,31.049999,31.305000,30.826000,31.150000,30.773100,29900
2023-10-17,31.100000,31.174999,30.490000,31.080000,30.703949,19900
2023-10-18,30.780001,30.962000,30.219999,30.219999,29.854353,55400
2023-10-19,30.219999,30.430000,29.850000,29.850000,29.488831,13100
2023-10-20,29.690001,29.830000,29.200001,29.200001,28.846697,36100
2023-10-23,29.030001,29.790001,29.030001,29.600000,29.241856,44600
2023-10-24,29.940001,30.000000,29.600000,29.850000,29.488831,13300
2023-10-25,29.500000,29.500000,28.860001,28.910000,28.560204,24400
2023-10-26,28.580000,28.639999,27.850000,28.000000,27.661215,49700
2023-10-27,28.549999,28.790001,28.372000,28.530001,28.184803,21700
2023-10-30,28.900000,29.170000,28.700001,28.920000,28.570082,8400
2023-10-31,28.502001,28.940001,28.502001,28.860001,28.510809,18500
2023-11-01,29.070000,29.719999,29.070000,29.639999,29.281370,18500
2023-11-02,30.250000,30.250000,29.950001,30.200001,29.834597,17500
2023-11-03,30.459999,30.590000,30.330000,30.459999,30.091450,38000
2023-11-06,30.719999,30.849001,30.610001,30.790001,30.417458,20500
2023-11-07,30.930000,31.270000,30.820000,31.150000,30.773100,15100
2023-11-08,31.200001,31.340000,31.035000,31.330000,30.950924,37400
2023-11-09,31.389999,31.389999,30.879999,30.999001,30.623928,10800
2023-11-10,32.290001,32.290001,31.028999,31.770000,31.385601,22600
2023-11-13,31.750000,33.299999,31.469999,31.760000,31.375721,54000
2023-11-14,32.939999,32.939999,32.279999,32.490002,32.096889,107900
2023-11-15,33.049999,33.049999,32.230000,32.380001,31.988218,41000
2023-11-16,32.980000,32.980000,32.202999,32.590000,32.195675,55300
2023-11-17,32.759998,32.759998,32.230000,32.439999,32.047493,32400
2023-11-20,32.860001,33.020000,32.599998,33.020000,32.620476,61900
2023-11-21,32.869999,32.869999,32.599998,32.860001,32.462414,29300
2023-11-22,33.080002,33.259998,32.709999,32.860001,32.462414,34400
2023-11-24,32.619999,32.720001,32.540001,32.639999,32.245071,30400
2023-11-27,32.669998,32.869999,32.570000,32.689999,32.294468,63100
2023-11-28,32.669998,32.919998,32.470001,32.919998,32.521683,43200
2023-11-29,33.230000,33.230000,32.599998,32.709999,32.314228,66100
2023-11-30,32.709999,32.919998,32.040001,32.189999,31.800516,53600
2023-12-01,32.180000,32.250000,31.930000,32.189999,31.800516,40100
2023-12-04,32.189999,32.189999,31.360001,31.629999,31.247292,63400
2023-12-05,31.629999,32.299999,31.600000,32.099998,31.711605,70200
2023-12-06,32.490002,32.490002,31.760000,31.820000,31.434994,57500
2023-12-07,32.150002,32.639999,32.090000,32.459999,32.067253,73000
2023-12-08,32.279999,32.750000,32.279999,32.720001,32.324104,82300
2023-12-11,32.610001,32.610001,31.912001,32.259998,31.869669,108100
2023-12-12,32.369999,32.509998,32.060001,32.509998,32.116642,40800
2023-12-13,32.630001,32.750000,32.389999,32.680000,32.284588,85500
2023-12-14,32.900002,33.000000,32.360001,32.730000,32.333984,88500
2023-12-15,32.840000,33.299999,32.680000,33.000000,32.600719,95200
2023-12-18,33.150002,33.650002,33.150002,33.520000,33.114426,99000
2023-12-19,33.580002,33.680000,33.470001,33.680000,33.272488,84000
2023-12-20,33.770000,34.009998,33.230000,33.279999,32.877331,135800
2023-12-21,33.689999,33.730000,33.369999,33.730000,33.321884,105400
2023-12-22,33.849998,33.880001,33.459999,33.639999,33.232971,61200
2023-12-26,33.770000,34.020000,33.660000,33.779999,33.371281,70500
2023-12-27,33.750000,34.029999,33.599998,33.730000,33.466530,73200
2023-12-28,33.889999,34.000000,33.619999,33.740002,33.476456,83900
2023-12-29,33.750000,33.834999,33.139999,33.450001,33.188717,122200
2024-01-02,33.230000,33.320000,32.500000,32.680000,32.424732,111600
2024-01-03,32.560001,32.730000,32.430000,32.520000,32.265984,61400
2024-01-04,32.400002,32.689999,32.224998,32.259998,32.008011,86200
2024-01-05,32.180000,32.630001,32.029999,32.380001,32.127075,99800
2024-01-08,32.599998,33.380001,32.470001,33.380001,33.119267,201100
2024-01-09,33.160000,33.480000,32.939999,33.380001,33.119267,142200
2024-01-10,33.500000,33.950001,33.450001,33.889999,33.625278,188800
2024-01-11,34.110001,34.290001,33.400002,33.860001,33.595516,132800
2024-01-12,34.029999,34.090000,33.669998,33.790001,33.526062,152700
2024-01-16,33.750000,33.950001,33.550999,33.779999,33.516140,128200
2024-01-17,33.520000,33.610001,33.016998,33.570000,33.307781,73900
2024-01-18,33.980000,34.080002,33.689999,34.070000,33.803875,118400
2024-01-19,34.250000,34.660000,34.119999,34.660000,34.389267,124000
2024-01-22,35.000000,35.130001,34.560001,34.610001,34.339657,231000
2024-01-23,34.770000,34.830002,34.570000,34.830002,34.557941,102800
2024-01-24,35.200001,35.509998,35.027000,35.139999,34.865517,286200
2024-01-25,35.020000,35.118999,34.568001,34.820000,34.548016,299600
2024-01-26,34.849998,35.020000,34.730000,34.820000,34.548016,168800
2024-01-29,35.000000,35.389999,34.820000,35.389999,35.113564,159800
2024-01-30,35.540001,35.540001,35.080002,35.189999,34.915127,198400
2024-01-31,34.480000,34.655998,34.000000,34.110001,33.843563,182200
2024-02-01,34.419998,34.669998,34.365002,34.639999,34.369423,204600
2024-02-02,35.680000,36.590000,35.360001,36.509998,36.224815,338800
2024-02-05,36.730000,36.810001,36.000000,36.459999,36.175205,230900
2024-02-06,36.500000,36.660000,36.060001,36.290001,36.006535,125500
2024-02-07,36.540001,36.990002,36.520000,36.990002,36.701069,257800
2024-02-08,37.029999,37.151001,36.849998,37.000000,36.710987,190600
2024-02-09,37.259998,37.630001,37.000000,37.599998,37.306301,257100
2024-02-12,37.680000,37.849998,37.150002,37.349998,37.058254,369200
2024-02-13,36.580002,37.130001,36.000000,36.740002,36.453022,331100
2024-02-14,37.119999,37.299999,36.740002,37.299999,37.008644,226600
2024-02-15,37.310001,37.450001,36.881001,37.330002,37.038414,181400
2024-02-16,37.450001,37.590000,36.820000,37.000000,36.710987,193000
2024-02-20,36.790001,36.889999,36.060001,36.419998,36.135517,284600
2024-02-21,36.169998,36.467999,35.970001,36.400002,36.115677,219900
2024-02-22,37.689999,38.206001,37.459999,38.150002,37.852009,355700
2024-02-23,38.470001,38.665001,37.849998,38.009998,37.713097,284800
2024-02-26,38.110001,38.189999,37.759998,37.840000,37.544426,159700
2024-02-27,37.980000,37.990002,37.619999,37.950001,37.653568,177200
2024-02-28,37.770000,37.904999,37.630001,37.709999,37.415440,130700
2024-02-29,37.950001,38.250000,37.599998,38.220001,37.921459,176600
2024-03-01,38.220001,38.720001,38.131001,38.630001,38.328259,274000
2024-03-04,38.669998,38.669998,38.290001,38.310001,38.010757,252900
2024-03-05,38.040001,38.049999,37.360001,37.669998,37.375751,230700
2024-03-06,38.099998,38.200001,37.669998,37.950001,37.653568,197700
2024-03-07,38.279999,38.922001,38.070000,38.900002,38.596149,165500
2024-03-08,39.299999,39.610001,38.000000,38.230000,37.931381,218400
2024-03-11,38.020000,38.150002,37.619999,37.680000,37.385677,157700
2024-03-12,38.060001,38.900002,37.762001,38.880001,38.576305,136800
2024-03-13,38.799999,38.919998,38.279999,38.599998,38.298489,109800
2024-03-14,38.669998,38.779999,38.216000,38.369999,38.070286,100800
2024-03-15,38.180000,38.380001,37.869999,38.060001,37.762711,118400
2024-03-18,38.799999,39.119999,38.540001,38.770000,38.467163,212200
2024-03-19,38.540001,38.935001,38.029999,38.869999,38.566380,421400
2024-03-20,39.070000,39.470001,38.779999,39.459999,39.151772,183400
2024-03-21,39.939999,39.959999,39.221001,39.330002,39.022789,335900
2024-03-22,39.320000,39.819000,39.130001,39.790001,39.479195,113800
2024-03-25,39.590000,39.849998,39.365002,39.700001,39.389900,111200
2024-03-26,39.900002,40.023998,39.319000,39.380001,39.072399,271400
2024-03-27,39.650002,39.674999,38.937000,39.180000,38.873959,124800
2024-03-28,39.230000,39.268002,38.900002,39.150002,38.844196,136800
2024-04-01,39.160000,39.500000,38.959999,39.279999,38.973179,96000
2024-04-02,38.610001,38.933998,38.400002,38.869999,38.566380,159400
2024-04-03,38.790001,39.230000,38.700001,39.160000,38.854115,90500
2024-04-04,39.439999,39.849998,38.680000,38.680000,38.377865,143900
2024-04-05,38.820000,39.410000,38.759998,39.250000,38.943413,123000
2024-04-08,39.490002,39.627998,39.299999,39.419998,39.112083,52600
2024-04-09,39.599998,39.680000,39.090000,39.419998,39.112083,79200
2024-04-10,39.099998,39.400002,39.049999,39.340000,39.032711,63700
2024-04-11,39.599998,40.369999,39.220001,40.320000,40.005054,158100
2024-04-12,39.959999,40.102001,39.490002,39.590000,39.280758,216200
2024-04-15,39.970001,39.970001,38.650002,38.650002,38.348103,312000
2024-04-16,38.220001,38.752998,38.200001,38.410000,38.109974,244900
2024-04-17,38.779999,38.779999,37.919998,38.000000,37.703178,130600
2024-04-18,38.000000,38.230000,37.652000,37.799999,37.504738,154400
2024-04-19,37.500000,37.625000,36.400002,36.549999,36.264503,1282400
2024-04-22,36.689999,37.105000,36.346001,36.889999,36.601849,188200
2024-04-23,37.160000,37.619999,37.110001,37.619999,37.326145,90700
2024-04-24,38.439999,38.470001,37.529999,38.029999,37.732941,265500
2024-04-25,36.389999,37.555000,36.240002,37.459999,37.167393,172900
2024-04-26,38.619999,38.900002,38.189999,38.720001,38.417553,446100
2024-04-29,39.500000,39.520000,38.900002,39.330002,39.022789,371200
2024-04-30,39.040001,39.340000,38.250000,38.250000,37.951225,118400
2024-05-01,38.560001,39.220001,38.119999,38.279999,37.980988,197800
2024-05-02,38.750000,38.990002,38.150002,38.950001,38.645756,99800
2024-05-03,39.900002,39.924999,39.432999,39.779999,39.469273,421400
2024-05-06,39.990002,40.380001,39.750000,40.380001,40.064587,213700
2024-05-07,40.450001,40.493999,40.029999,40.209999,39.895912,269900
2024-05-08,39.722000,40.160000,39.700001,40.009998,39.697475,283100
2024-05-09,40.180000,40.180000,39.770000,40.000000,39.687553,91000
2024-05-10,40.160000,40.160000,39.560001,39.799999,39.489117,208500
2024-05-13,39.930000,39.959999,39.591999,39.950001,39.637947,248300
2024-05-14,39.840000,40.490002,39.800999,40.410000,40.094353,146000
2024-05-15,40.660000,40.849998,40.250000,40.830002,40.511074,170500
2024-05-16,40.820000,41.028999,40.689999,40.689999,40.372166,187600
2024-05-17,40.669998,40.879002,40.509998,40.770000,40.451542,115500
2024-05-20,40.889999,41.070000,40.790001,40.889999,40.570602,148200
2024-05-21,40.790001,41.410000,40.660000,41.389999,41.066696,143700
2024-05-22,41.330002,41.360001,40.799999,41.000000,40.679745,157400
2024-05-23,41.759998,41.759998,40.849998,41.070000,40.749195,168300
2024-05-24,41.290001,41.750000,41.074001,41.720001,41.394119,232200
2024-05-28,41.869999,42.220001,41.700001,42.209999,41.880291,297900
2024-05-29,41.970001,42.360001,41.844002,42.139999,41.810837,332900
2024-05-30,42.150002,42.150002,41.279999,41.410000,41.086540,171900
2024-05-31,41.619999,41.619999,40.520000,41.380001,41.056778,182100
2024-06-03,41.730000,42.020000,41.349998,41.880001,41.552872,292900
2024-06-04,41.919998,42.130001,41.610001,42.009998,41.681854,569300
2024-06-05,42.380001,42.869999,42.209999,42.869999,42.535137,348200
2024-06-06,42.950001,43.160000,42.623001,42.980000,42.644276,396300
2024-06-07,42.980000,43.150002,42.740002,42.900002,42.564903,143700
2024-06-10,42.930000,43.119999,42.689999,43.000000,42.664120,159600
2024-06-11,43.099998,43.480000,42.776001,43.480000,43.140373,271600
2024-06-12,43.860001,44.709999,43.709000,44.310001,43.963890,529600
2024-06-13,44.849998,44.990002,44.312000,44.480000,44.132561,468700
2024-06-14,44.509998,44.660000,44.220001,44.540001,44.192093,258300
2024-06-17,44.430000,45.419998,44.369999,45.080002,44.727875,703000
2024-06-18,45.070000,45.080002,44.669998,44.950001,44.598892,395800
2024-06-20,45.259998,45.299999,44.221001,44.549999,44.202015,489800
2024-06-21,44.480000,44.810001,44.200001,44.410000,44.063107,291200
2024-06-24,44.500000,44.680000,43.779999,43.779999,43.438026,290000
2024-06-25,44.049999,44.970001,44.049999,44.930000,44.579048,367600
2024-06-26,44.840000,45.633999,44.820000,45.619999,45.263657,506900
2024-06-27,45.610001,46.000000,45.419998,45.810001,45.452175,949100
2024-06-28,46.009998,46.257999,45.110001,45.110001,44.757641,573700
2024-07-01,45.500000,46.209999,45.029999,46.099998,45.739906,962600
2024-07-02,46.119999,47.150002,46.046001,47.150002,46.781708,1263000
2024-07-03,47.130001,47.939999,47.099998,47.939999,47.565533,843600
2024-07-05,48.070000,48.959999,48.009998,48.860001,48.478348,1736400
2024-07-08,48.880001,49.160000,48.540001,48.840000,48.458504,1377500
2024-07-09,49.000000,49.430000,48.950001,49.330002,48.944679,1232200
2024-07-10,49.520000,49.959999,49.299999,49.840000,49.450695,1465300
2024-07-11,49.799999,49.852001,47.290001,47.599998,47.228188,2492200
2024-07-12,47.299999,48.400002,47.230000,47.910000,47.535770,892200
2024-07-15,48.330002,48.950001,47.869999,48.060001,47.684597,805900
2024-07-16,48.439999,48.540001,47.480000,47.849998,47.476234,959300
2024-07-17,46.980000,47.084999,46.169998,46.270000,45.908581,1054500
2024-07-18,46.860001,47.000000,45.810001,46.250000,45.888737,567700
2024-07-19,46.064999,46.437000,45.530998,45.630001,45.273579,567600
2024-07-22,46.419998,46.990002,46.240002,46.740002,46.374908,1101500
2024-07-23,46.889999,47.189999,46.650002,46.709999,46.345142,436500
2024-07-24,45.119999,45.180000,43.865002,43.880001,43.537251,1130900
2024-07-25,44.049999,44.549999,42.820000,43.439999,43.100681,1293100
2024-07-26,43.910000,44.189999,43.360001,43.889999,43.547169,468100
2024-07-29,44.230000,44.779999,44.040001,44.349998,44.003574,822000
2024-07-30,44.520000,44.520000,42.959999,43.450001,43.110607,534900
2024-07-31,44.470001,45.090000,44.299999,44.950001,44.598892,837100
2024-08-01,45.580002,46.049999,43.630001,44.009998,43.666229,848700
2024-08-02,42.680000,43.360001,42.130001,42.509998,42.177948,1525100
2024-08-05,38.750000,41.660000,38.509998,40.889999,40.570602,1579400
2024-08-06,41.259998,42.097000,40.410999,41.400002,41.076622,679000
2024-08-07,42.110001,42.360001,40.799999,40.820000,40.501148,599300
2024-08-08,41.599998,42.220001,40.980000,42.130001,41.800919,445200
2024-08-09,41.919998,42.490002,41.810001,42.439999,42.108494,423500
2024-08-12,42.599998,42.820000,42.285000,42.560001,42.227558,375200
2024-08-13,42.950001,43.880001,42.950001,43.840000,43.497559,551100
2024-08-14,43.959999,44.049999,43.110001,43.520000,43.180061,569200
2024-08-15,44.099998,44.900002,44.049999,44.880001,44.529438,648600
2024-08-16,44.639999,45.110001,44.520000,44.939999,44.588966,410700
2024-08-19,45.020000,45.669998,44.810001,45.669998,45.313263,654800
2024-08-20,45.680000,45.943001,45.290001,45.529999,45.174358,479300
2024-08-21,45.570000,45.980000,45.341000,45.759998,45.402561,543000
2024-08-22,45.950001,46.080002,44.540001,44.590000,44.241703,782200
2024-08-23,45.060001,45.669998,44.790001,45.430000,45.075142,803800
2024-08-26,45.320000,45.400002,44.400002,44.820000,44.469906,660900
2024-08-27,44.590000,44.848999,44.270000,44.669998,44.321075,387300
2024-08-28,44.700001,44.791000,43.750000,44.119999,43.775372,639100
2024-08-29,44.340000,44.950001,43.790001,43.919998,43.576935,680100
2024-08-30,44.180000,44.639999,43.970001,44.639999,44.291309,443900
2024-09-03,44.360001,44.419998,42.960999,43.150002,42.812950,699600
2024-09-04,42.779999,43.669998,42.779999,43.259998,42.922089,690800
2024-09-05,43.340000,44.549999,43.340000,43.930000,43.586857,755200
2024-09-06,44.189999,44.270000,42.220001,42.220001,41.890217,899600
2024-09-09,42.799999,43.069000,42.389999,42.820000,42.485527,397500
2024-09-10,43.180000,43.549999,42.785999,43.480000,43.140373,1030300
2024-09-11,43.660000,44.590000,42.730000,44.560001,44.211937,804000
2024-09-12,44.610001,45.209999,44.450001,45.150002,44.797329,582700
2024-09-13,45.060001,45.338001,44.939999,45.250000,44.896545,814100
2024-09-16,44.849998,44.950001,44.340000,44.849998,44.499668,416100
2024-09-17,45.360001,45.599998,44.849998,45.130001,44.777485,520200
2024-09-18,45.270000,45.799999,44.919998,45.049999,44.698109,634800
2024-09-19,46.209999,46.830002,46.070000,46.720001,46.355064,1055400
2024-09-20,46.680000,46.840000,46.099998,46.500000,46.136784,792600
2024-09-23,46.730000,47.009998,46.610001,46.860001,46.493973,524000
2024-09-24,47.189999,47.240002,46.419998,47.230000,46.861080,576500
2024-09-25,47.180000,47.549999,47.080002,47.450001,47.079361,556800
2024-09-26,48.049999,48.049999,47.040001,47.340000,46.970222,1152500
2024-09-27,47.549999,47.549999,47.130001,47.340000,46.970222,462300
2024-09-30,47.110001,47.680000,47.023998,47.680000,47.307564,479200
2024-10-01,47.689999,47.720001,46.480000,46.970001,46.603111,786100
2024-10-02,46.580002,46.880001,46.250000,46.720001,46.355064,744100
2024-10-03,46.520000,47.040001,46.421001,46.689999,46.325298,296200
2024-10-04,47.290001,47.500000,46.799999,47.500000,47.128971,593300
2024-10-07,47.330002,47.450001,46.590000,46.610001,46.245922,510200
2024-10-08,47.060001,47.500000,46.900002,47.450001,47.079361,610600
2024-10-09,47.520000,47.540001,47.070000,47.450001,47.079361,483700
2024-10-10,47.360001,47.660000,47.025002,47.459999,47.089283,466700
2024-10-11,46.889999,47.259998,46.695000,47.000000,46.632877,528400
2024-10-14,47.380001,47.730000,47.349998,47.490002,47.119053,500100
2024-10-15,47.650002,47.735001,46.750000,47.110001,46.742020,552900
2024-10-16,47.090000,47.220001,46.669998,47.169998,46.801548,489300
2024-10-17,47.650002,47.700001,47.080002,47.180000,46.811470,397600
2024-10-18,47.450001,47.577999,47.330002,47.389999,47.019829,347400
2024-10-21,47.240002,47.750000,47.139999,47.750000,47.377018,501700
2024-10-22,47.380001,48.080002,47.320999,47.990002,47.615147,528200
2024-10-23,47.820000,47.849998,46.612000,46.910000,46.543579,635600
2024-10-24,47.919998,48.416000,47.664001,48.349998,47.972332,1084200
2024-10-25,48.410000,49.270000,48.400002,48.950001,48.567646,1273800
2024-10-28,49.490002,49.500000,48.860001,48.889999,48.508114,1001900
2024-10-29,49.000000,49.419998,48.750000,49.340000,48.954597,729400
2024-10-30,49.910000,49.980000,49.254002,49.360001,48.974442,1209600
2024-10-31,48.689999,48.720001,47.459999,47.459999,47.089283,1139600
2024-11-01,47.919998,48.430000,47.919998,48.020000,47.644909,825300
2024-11-04,47.799999,48.070000,47.382999,47.639999,47.267876,604200
2024-11-05,47.869999,48.610001,47.869999,48.459999,48.081470,656500
2024-11-06,49.630001,50.450001,49.480000,50.439999,50.046005,1540100
2024-11-07,50.650002,51.680000,50.630001,51.580002,51.177105,1268900
2024-11-08,51.599998,52.090000,51.490002,51.910000,51.504524,978200
2024-11-11,52.509998,52.580002,51.740002,52.330002,51.921246,1354000
2024-11-12,52.320000,52.528999,51.799999,52.150002,51.742653,810000
2024-11-13,52.230000,52.490002,51.770000,52.110001,51.702961,739400
2024-11-14,52.119999,52.250000,51.349998,51.459999,51.058037,1127500
2024-11-15,50.860001,51.070000,50.134998,50.459999,50.065849,1184500
2024-11-18,50.980000,51.419998,50.785000,51.090000,50.690929,925200
2024-11-19,50.840000,52.020000,50.799999,52.020000,51.613667,935800
2024-11-20,51.919998,51.930000,50.910000,51.689999,51.286240,952400
2024-11-21,52.029999,52.099998,50.349998,51.099998,50.700851,1209100
2024-11-22,51.029999,51.250000,50.730000,51.040001,50.641319,659600
2024-11-25,51.580002,51.730000,50.680000,50.779999,50.383350,919200
2024-11-26,50.930000,51.588001,50.919998,51.450001,51.048119,804500
2024-11-27,51.360001,51.389999,50.590000,51.000000,50.601631,1021400
2024-11-29,51.150002,51.750000,50.910000,51.750000,51.345776,507500
2024-12-02,52.000000,52.757999,51.980000,52.680000,52.268509,1551900
2024-12-03,52.529999,53.040001,52.389999,52.959999,52.546322,928000
2024-12-04,53.310001,53.889999,53.200001,53.889999,53.469059,1556500
2024-12-05,54.119999,54.490002,54.049999,54.230000,53.806400,1145100
2024-12-06,54.410000,55.090000,54.290001,55.090000,54.659683,1355200
2024-12-09,55.080002,55.290001,54.419998,54.910000,54.481091,1550400
2024-12-10,55.380001,56.220001,55.200001,55.459999,55.026794,2903200
2024-12-11,55.970001,57.139999,55.884998,57.139999,56.693672,3586600
2024-12-12,56.990002,57.244999,56.590000,56.669998,56.227341,3858200
2024-12-13,56.669998,56.959999,56.090000,56.619999,56.177734,2299700
2024-12-16,57.139999,58.029999,56.779999,57.950001,57.497345,2632100
2024-12-17,58.119999,58.325001,57.599998,58.240002,57.785080,2462500
2024-12-18,58.000000,58.689999,55.400002,55.669998,55.235153,3827900
2024-12-19,56.840000,56.889999,55.730000,55.840000,55.403828,3786800
2024-12-20,55.070000,56.840000,54.639999,55.910000,55.473278,2749100
2024-12-23,56.349998,56.830002,55.625000,56.759998,56.316639,2493400
2024-12-24,56.930000,58.080002,56.910000,58.080002,57.626331,2603500
2024-12-26,58.009998,58.009998,57.349998,57.669998,57.219532,2560300
2024-12-27,57.230000,57.259998,55.750000,56.330002,55.889999,2750300
2024-12-30,54.985001,55.719002,54.820000,55.189999,55.189999,2565900
2024-12-31,55.410000,55.529999,54.320000,54.419998,54.419998,2006400
2025-01-02,54.580002,54.950001,53.520000,54.160000,54.160000,2345300
2025-01-03,54.660000,55.540001,54.549999,55.540001,55.540001,2547400
2025-01-06,56.320000,56.949001,56.171001,56.660000,56.660000,3194400
2025-01-07,56.730000,56.830002,54.919998,55.150002,55.150002,3092300
2025-01-08,55.169998,55.557999,54.570000,55.040001,55.040001,1731700
2025-01-10,54.700001,54.990002,53.630001,54.380001,54.380001,2316900
2025-01-13,53.419998,54.160000,53.160000,54.110001,54.110001,1902800
2025-01-14,54.599998,54.715000,53.240002,53.570000,53.570000,2038400
2025-01-15,54.599998,55.590000,54.340000,55.509998,55.509998,3018900
2025-01-16,55.490002,55.500000,54.430000,54.450001,54.450001,2183000
2025-01-17,55.599998,55.810001,55.060001,55.439999,55.439999,2824000
2025-01-21,55.735001,55.770000,54.779999,55.590000,55.590000,2574200
2025-01-22,55.930000,56.669998,55.930000,56.439999,56.439999,2227800
2025-01-23,56.270000,56.560001,56.099998,56.560001,56.560001,1391700
2025-01-24,56.660000,56.969002,56.115002,56.320000,56.320000,1641900
2025-01-27,53.880001,55.154999,53.799999,54.580002,54.580002,3502700
2025-01-28,54.930000,56.290001,54.549999,56.220001,56.220001,2720200
2025-01-29,55.980000,55.980000,55.090000,55.639999,55.639999,1819200
2025-01-30,55.959999,56.080002,54.750000,55.630001,55.630001,1747000
2025-01-31,56.180000,56.790001,55.450001,55.650002,55.650002,2284700
2025-02-03,54.220001,55.150002,54.000000,54.700001,54.700001,2826400
2025-02-04,54.980000,55.750000,54.860001,55.680000,55.680000,1396200
2025-02-05,54.730000,55.032001,54.560001,54.889999,54.889999,2216600
2025-02-06,55.040001,55.419998,54.820000,55.419998,55.419998,1472500
2025-02-07,55.090000,55.518002,54.235001,54.310001,54.310001,2628300
2025-02-10,54.560001,55.070000,54.514999,54.630001,54.630001,1794000
2025-02-11,54.349998,54.744999,54.000000,54.310001,54.310001,1306500
2025-02-12,53.820000,54.590000,53.709999,54.299999,54.299999,1623300
2025-02-13,54.480000,55.310001,54.349998,55.279999,55.279999,1744700
2025-02-14,55.240002,55.639999,55.139999,55.549999,55.549999,1528500
2025-02-18,55.720001,55.827000,54.672001,55.119999,55.119999,1589600
2025-02-19,55.000000,55.389999,54.823002,55.270000,55.270000,1410800
2025-02-20,55.150002,55.279999,54.509998,54.990002,54.990002,1304900
2025-02-21,55.119999,55.209999,53.540001,53.610001,53.610001,2108800
2025-02-24,53.880001,54.160000,52.770000,52.799999,52.799999,1951600
2025-02-25,52.570000,52.631001,51.099998,51.720001,51.720001,2611400
2025-02-26,52.020000,52.529999,51.439999,51.770000,51.770000,1745600
2025-02-27,52.349998,52.450001,50.105000,50.119999,50.119999,2905900
2025-02-28,50.000000,51.230000,49.380001,51.209999,51.209999,2832300
2025-03-03,51.470001,51.639999,49.060001,49.509998,49.509998,2680100
2025-03-04,48.630001,50.207001,48.119999,49.279999,49.279999,3555100
2025-03-05,49.520000,50.360001,48.869999,50.230000,50.230000,2386200
2025-03-06,49.250000,49.910000,48.410000,48.730000,48.730000,3167100
2025-03-07,48.490002,49.200001,47.529999,48.860001,48.860001,2961200
2025-03-10,47.669998,47.740002,45.799999,46.330002,46.330002,4173000
2025-03-11,46.119999,47.261002,45.810001,46.509998,46.509998,3778900
2025-03-12,47.770000,47.950001,46.772999,47.580002,47.580002,2934500
2025-03-13,47.560001,47.570000,46.090000,46.310001,46.310001,2054500
2025-03-14,47.060001,47.730000,46.750000,47.669998,47.669998,4057400
2025-03-17,47.639999,47.750000,46.730000,47.189999,47.189999,2624200
2025-03-18,46.639999,46.689999,45.669998,45.980000,45.980000,3621700
2025-03-19,46.349998,47.290001,46.172001,46.750000,46.750000,2977700
2025-03-20,46.389999,47.509998,46.230000,46.680000,46.680000,2877700
2025-03-21,46.189999,47.380001,46.189999,47.310001,47.310001,2569500
2025-03-24,48.320000,48.950001,48.158001,48.869999,48.869999,3344400
2025-03-25,49.139999,49.459999,48.830002,49.459999,49.459999,2546400
2025-03-26,49.189999,49.189999,47.764999,47.939999,47.939999,3572300
2025-03-27,47.669998,48.500000,47.595001,47.740002,47.740002,2568300
2025-03-28,47.470001,47.646000,45.939999,46.029999,46.029999,3623200
2025-03-31,45.000000,46.049999,44.360001,45.860001,45.860001,3602700
2025-04-01,45.709999,46.985001,45.660000,46.689999,46.689999,3223000
2025-04-02,45.680000,47.549999,45.549999,47.180000,47.180000,3457200
2025-04-03,44.500000,44.880001,43.880001,43.939999,43.939999,5213400
2025-04-04,42.299999,43.035000,41.279999,41.360001,41.360001,5834800
2025-04-07,39.299999,43.602001,39.000000,41.470001,41.470001,7336400
2025-04-08,43.360001,43.758999,39.909000,40.500000,40.500000,5559100
2025-04-09,40.590000,46.674999,40.590000,46.419998,46.419998,8761200
2025-04-10,44.970001,45.165001,42.590000,44.020000,44.020000,4908800
2025-04-11,43.775002,44.950001,43.480000,44.860001,44.860001,3823900
2025-04-14,46.099998,46.160000,44.389999,44.869999,44.869999,2723200
2025-04-15,44.799999,45.125000,44.320000,44.549999,44.549999,2145400
2025-04-16,43.419998,43.799999,42.044998,42.779999,42.779999,3296600
2025-04-17,43.080002,43.202999,42.200001,42.480000,42.480000,2099500
2025-04-21,41.529999,41.616001,40.580002,41.060001,41.060001,2812900
2025-04-22,41.639999,42.810001,41.490002,42.410000,42.410000,2415100
2025-04-23,44.349998,44.770000,43.632999,43.830002,43.830002,3166000
2025-04-24,43.919998,45.139999,43.879002,45.119999,45.119999,2957900
2025-04-25,45.570000,46.630001,45.220001,46.490002,46.490002,3434100
2025-04-28,46.730000,46.830002,45.480000,46.310001,46.310001,2038400
2025-04-29,46.090000,46.660000,45.794998,46.590000,46.590000,1285900
2025-04-30,45.470001,46.270000,44.779999,45.990002,45.990002,2375700
2025-05-01,47.619999,48.119999,47.259998,47.450001,47.450001,3746800
2025-05-02,47.849998,48.430000,47.375000,48.040001,48.040001,3196700
2025-05-05,47.529999,47.889999,47.279999,47.540001,47.540001,1490200
2025-05-06,46.900002,47.509998,46.840000,47.150002,47.150002,1471800
2025-05-07,47.349998,47.544998,46.275002,46.970001,46.970001,2396600
2025-05-08,47.709999,48.180000,47.189999,47.669998,47.669998,1871600
2025-05-09,47.950001,48.400002,47.660000,47.889999,47.889999,1312800
2025-05-12,50.560001,50.669998,49.730000,50.669998,50.669998,3872500
2025-05-13,50.950001,51.984001,50.731998,51.799999,51.799999,3410800
2025-05-14,52.299999,52.880001,52.040001,52.750000,52.750000,2663400
2025-05-15,52.250000,52.608002,51.790001,52.150002,52.150002,2083800
2025-05-16,52.430000,52.560001,51.820000,52.439999,52.439999,2111700
2025-05-19,51.369999,52.340000,51.360001,52.270000,52.270000,1961600
2025-05-20,52.230000,52.430000,51.630001,51.990002,51.990002,1222900
2025-05-21,51.619999,52.580002,51.200001,51.419998,51.419998,2748300
2025-05-22,51.500000,52.360001,51.380001,51.880001,51.880001,2482000
2025-05-23,50.900002,51.549999,50.770000,51.139999,51.139999,3094900
2025-05-27,52.009998,52.919998,51.980999,52.919998,52.919998,2843100
2025-05-28,53.000000,53.189999,52.509998,52.580002,52.580002,1970900
2025-05-29,53.700001,53.709999,52.630001,52.900002,52.900002,2720600
2025-05-30,52.650002,52.840000,51.660000,52.349998,52.349998,2995300
2025-06-02,52.009998,52.759998,51.919998,52.730000,52.730000,2237100
2025-06-03,52.799999,53.349998,52.560001,52.860001,52.860001,1905400
2025-06-04,53.020000,53.139999,52.540001,52.950001,52.950001,1303700
2025-06-05,52.939999,53.189999,51.240002,51.560001,51.560001,3873700
2025-06-06,52.570000,52.980000,52.540001,52.700001,52.700001,2788800
2025-06-09,52.680000,53.334999,52.570000,53.270000,53.270000,1844800
2025-06-10,53.490002,54.000000,53.279999,54.000000,54.000000,2324700
2025-06-11,54.360001,54.389999,53.349998,53.540001,53.540001,2079000
2025-06-12,53.250000,53.750000,53.250000,53.509998,53.509998,2048100
2025-06-13,52.900002,53.689999,52.744999,53.150002,53.150002,3264700
2025-06-16,53.639999,54.080002,53.500000,54.009998,54.009998,1432700
2025-06-17,53.700001,53.840000,53.279999,53.349998,53.349998,1286800
2025-06-18,53.400002,53.904999,53.270000,53.439999,53.439999,1251300
2025-06-20,53.799999,54.000000,52.771999,52.860001,52.860001,2004700
2025-06-23,52.990002,54.000000,52.770000,53.910000,53.910000,2293700
2025-06-24,54.529999,54.529999,54.080002,54.299999,54.299999,1624900
2025-06-25,54.619999,54.770000,54.220001,54.500000,54.500000,1767800
2025-06-26,54.750000,55.200001,54.451000,55.009998,55.009998,3875400
2025-06-27,55.220001,55.619999,54.770000,55.580002,55.580002,2918500
2025-06-30,55.900002,55.900002,55.205002,55.470001,55.470001,1772500
2025-07-01,55.000000,55.257999,54.389999,54.630001,54.630001,2445600
2025-07-02,54.880001,55.459999,54.730000,55.430000,55.430000,1490600
2025-07-03,55.770000,56.000000,55.599998,55.930000,55.930000,1128200
2025-07-07,55.180000,55.430000,54.845001,55.060001,55.060001,1888000
2025-07-08,55.279999,55.368999,54.872002,55.020000,55.020000,1084800
2025-07-09,55.160000,55.910000,55.160000,55.660000,55.660000,1474300
2025-07-10,55.740002,56.049999,55.389999,55.990002,55.990002,1229900
2025-07-11,55.709999,56.369999,55.619999,56.240002,56.240002,1874500
2025-07-14,56.320000,56.520000,55.919998,56.209999,56.209999,1842500
2025-07-15,56.869999,56.889999,56.455002,56.480000,56.480000,1896600
2025-07-16,56.615002,56.759998,56.140999,56.619999,56.619999,1626100
2025-07-17,56.730000,56.924999,56.520000,56.790001,56.790001,1045500
2025-07-18,57.070000,57.189999,56.770000,57.189999,57.189999,2258900
2025-07-21,57.299999,57.799999,57.299999,57.610001,57.610001,1337600
2025-07-22,57.730000,57.790001,56.740002,57.389999,57.389999,1753500
2025-07-23,57.500000,57.660000,57.242001,57.619999,57.619999,1474200
2025-07-24,57.599998,57.700001,57.240002,57.470001,57.470001,1201800
2025-07-25,57.549999,58.090000,57.507999,57.759998,57.759998,1774500
2025-07-28,57.959999,58.200001,57.900002,58.200001,58.200001,940700
2025-07-29,58.360001,58.459999,57.759998,57.770000,57.770000,1248200
2025-07-30,57.980000,58.029999,57.389999,57.820000,57.820000,1505400
2025-07-31,59.770000,59.770000,58.400002,58.590000,58.590000,2961800
2025-08-01,57.459999,57.840000,56.500000,56.730000,56.730000,4934800
2025-08-04,57.380001,57.970001,57.290001,57.900002,57.900002,2590700
2025-08-05,57.970001,58.308998,57.564999,57.590000,57.590000,1370200
2025-08-06,57.669998,58.770000,57.669998,58.740002,58.740002,1941900
2025-08-07,59.130001,59.410000,58.480000,58.959999,58.959999,2273200
2025-08-08,59.119999,59.950001,59.040001,59.930000,59.930000,3590600
2025-08-11,59.930000,60.404999,59.687000,59.900002,59.900002,2016500
2025-08-12,60.299999,60.630001,59.740002,60.570000,60.570000,1965100
2025-08-13,60.759998,60.959999,60.189999,60.369999,60.369999,1865000
2025-08-14,60.340000,60.820000,60.279999,60.639999,60.639999,1529200
2025-08-15,60.900002,60.900002,60.349998,60.480000,60.480000,2283400
2025-08-18,60.299999,60.450001,60.049999,60.320000,60.320000,1148800
2025-08-19,60.275002,60.299999,59.230999,59.340000,59.340000,1865500
2025-08-20,59.119999,59.209999,57.830002,58.680000,58.680000,2882700
2025-08-21,58.480000,58.779999,58.145000,58.380001,58.380001,1404500
2025-08-22,58.570000,59.959999,58.320000,59.810001,59.810001,3550900
2025-08-25,59.779999,60.430000,59.560001,60.099998,60.099998,1798900
2025-08-26,59.945000,60.334999,59.689999,60.299999,60.299999,1044900
2025-08-27,60.240002,60.500000,60.055000,60.340000,60.340000,1851800
2025-08-28,60.349998,60.750000,60.110001,60.630001,60.630001,1548600
2025-08-29,60.395000,60.430000,59.610001,59.790001,59.790001,2137100
2025-09-02,58.660000,59.209999,58.312000,59.110001,59.110001,2232400
2025-09-03,60.310001,60.730000,60.040001,60.560001,60.560001,2141600
2025-09-04,60.799999,61.360001,60.540001,61.330002,61.330002,2706400
2025-09-05,61.500000,61.709999,60.689999,61.209999,61.209999,3600400
2025-09-08,61.540001,61.859001,61.189999,61.270000,61.270000,1187900
2025-09-09,61.450001,61.759998,61.160000,61.720001,61.720001,2197200
2025-09-10,62.110001,62.110001,61.220001,61.389999,61.389999,2829500
2025-09-11,61.650002,62.068001,61.279999,62.000000,62.000000,1657500
2025-09-12,62.119999,62.970001,61.970001,62.930000,62.930000,3034500
2025-09-15,63.799999,64.389999,63.667000,64.139999,64.139999,2399000
2025-09-16,64.324997,64.540001,64.139999,64.419998,64.419998,2077700
2025-09-17,64.220001,64.309998,63.349998,64.080002,64.080002,2617000
2025-09-18,64.629997,64.730003,64.260002,64.300003,64.300003,7644700
2025-09-19,64.769997,65.120003,64.665001,65.110001,65.110001,3035900
2025-09-22,65.180000,65.680000,65.125000,65.580002,65.580002,2472800
2025-09-23,65.730003,65.730003,64.445000,64.570000,64.570000,2660400
2025-09-24,64.930000,64.989998,64.169998,64.639999,64.639999,1859600
2025-09-25,64.099998,64.430000,63.509998,64.099998,64.099998,3056700
2025-09-26,64.239998,64.577003,63.720001,64.449997,64.449997,2904900
2025-09-29,64.839996,65.260002,64.540001,64.779999,64.779999,2050000
2025-09-30,64.669998,64.925003,64.147003,64.860001,64.860001,1630500
2025-10-01,64.389999,65.389999,64.290001,65.209999,65.209999,2028700
2025-10-02,65.699997,65.699997,64.882004,64.989998,64.989998,1876800
2025-10-03,65.120003,65.260002,64.089996,64.430000,64.430000,3514800
2025-10-06,64.629997,65.430000,64.279999,65.360001,65.360001,2285200
2025-10-07,65.250000,65.410004,64.529999,64.639999,64.639999,2069300
2025-10-08,64.800003,65.279999,64.589996,65.190002,65.190002,1851300
2025-10-09,65.190002,65.295998,64.654999,65.279999,65.279999,1674700
2025-10-10,65.264999,65.599998,62.750000,62.790001,62.790001,5894000
2025-10-13,63.810001,64.296997,63.445000,64.239998,64.239998,2545600
2025-10-14,63.310001,64.050003,62.599998,63.470001,63.470001,2332100
2025-10-15,64.180000,64.400002,63.110001,63.950001,63.950001,1982100
2025-10-16,64.099998,64.595001,63.090000,63.669998,63.669998,2432100
2025-10-17,63.424999,64.435997,63.220001,64.330002,64.330002,3785800
2025-10-20,64.709999,65.375000,64.610001,65.290001,65.290001,2491700
2025-10-21,65.339996,65.410004,64.904999,65.160004,65.160004,2595800
2025-10-22,65.250000,65.400002,64.019997,64.860001,64.860001,3797400
2025-10-23,64.599998,65.485001,64.320000,65.360001,65.360001,2714500
2025-10-24,65.680000,65.980003,65.580002,65.860001,65.860001,3612600
2025-10-27,66.860001,67.580002,66.775002,67.480003,67.480003,3728100
2025-10-28,68.070000,68.184998,67.720001,67.915001,67.915001,1285294