"Date","Price","Open","High","Low","Vol.","Change %"
"12/01/2025","871.26","880.51","884.33","860.53","2.42B","-1.24%"
"11/01/2025","882.17","846.59","882.63","837.44","5.17B","3.94%"
"10/01/2025","848.70","871.01","893.22","845.08","5.47B","-2.57%"
"09/01/2025","871.10","891.03","893.54","862.79","5.47B","-1.82%"
"08/01/2025","887.23","880.31","922.90","878.20","5.09B","1.45%"
"07/01/2025","874.57","898.74","910.65","873.28","4.90B","-2.51%"
"06/01/2025","897.10","914.43","919.53","884.24","4.68B","-2.21%"
"05/01/2025","917.35","894.66","921.23","872.96","4.54B","1.66%"
"04/01/2025","902.34","893.10","910.93","829.05","5.32B","1.08%"
"03/01/2025","892.71","914.81","929.51","858.20","5.38B","-2.79%"
"02/01/2025","918.34","863.97","925.44","861.63","4.53B","5.59%"
"01/01/2025","869.70","856.22","878.71","828.71","4.17B","1.88%"
"12/01/2024","853.65","900.36","902.44","849.50","4.46B","-5.24%"
"11/01/2024","900.88","863.18","902.59","852.44","4.10B","4.55%"
"10/01/2024","861.70","888.18","891.93","860.73","4.10B","-2.94%"
"09/01/2024","887.78","881.94","903.36","878.73","4.07B","0.59%"
"08/01/2024","882.60","835.86","885.72","830.53","4.01B","5.78%"
"07/01/2024","834.36","823.20","847.77","812.52","3.95B","1.77%"
"06/01/2024","819.86","821.40","835.77","812.53","4.01B","-0.53%"
"05/01/2024","824.23","803.61","838.81","797.22","4.10B","2.32%"
"04/01/2024","805.51","814.18","816.28","778.25","4.04B","-1.07%"
"03/01/2024","814.23","786.65","816.47","783.83","4.19B","3.17%"
"02/01/2024","789.20","773.08","797.44","767.37","3.65B","2.12%"
"01/01/2024","772.80","760.66","780.53","757.72","3.85B","1.37%"
"12/01/2023","762.32","744.25","762.96","736.46","3.60B","2.43%"
"11/01/2023","744.26","718.46","746.30","713.14","3.56B","3.75%"
"10/01/2023","717.39","726.35","726.75","688.51","4.27B","-1.37%"
"09/01/2023","727.36","766.41","766.99","723.50","3.70B","-4.79%"
"08/01/2023","763.99","794.29","797.63","755.46","3.08B","-3.82%"
"07/01/2023","794.32","777.13","801.16","767.01","2.75B","1.99%"
"06/01/2023","778.82","756.05","782.24","752.70","3.25B","2.87%"
"05/01/2023","757.09","806.85","811.16","753.47","3.16B","-6.21%"
"04/01/2023","807.20","781.06","808.53","778.24","2.27B","3.44%"
"03/01/2023","780.38","749.12","780.43","738.23","3.15B","3.81%"
"02/01/2023","751.73","769.96","780.35","751.09","2.26B","-2.49%"
"01/01/2023","770.91","779.97","797.27","748.17","2.46B","-1.06%"
"12/01/2022","779.13","801.60","806.73","771.71","2.38B","-3.11%"
"11/01/2022","804.18","759.29","804.18","734.62","2.53B","6.20%"
"10/01/2022","757.25","699.59","763.53","689.39","2.79B","8.83%"
"09/01/2022","695.78","756.68","773.84","695.69","2.82B","-8.33%"
"08/01/2022","758.98","772.50","804.67","758.98","2.39B","-1.88%"
"07/01/2022","773.50","750.18","780.83","744.23","2.43B","3.13%"
"06/01/2022","750.05","773.75","773.99","705.68","3.01B","-2.87%"
"05/01/2022","772.20","815.54","816.93","721.00","3.21B","-4.73%"
"04/01/2022","810.50","793.30","849.55","789.80","2.51B","2.40%"
"03/01/2022","791.47","778.83","797.63","743.87","3.28B","1.41%"
"02/01/2022","780.49","791.57","805.26","752.97","2.60B","-1.50%"
"01/01/2022","792.38","799.76","815.38","769.15","2.93B","-1.52%"
"12/01/2021","804.60","736.29","805.81","728.64","2.87B","9.95%"
"11/01/2021","731.76","741.73","762.74","731.00","2.34B","-1.26%"
"10/01/2021","741.09","716.49","746.87","708.40","2.26B","3.71%"
"09/01/2021","714.58","749.32","755.83","714.58","2.44B","-4.49%"
"08/01/2021","748.14","739.25","757.76","730.55","2.08B","1.28%"
"07/01/2021","738.72","722.47","743.21","715.58","2.24B","2.37%"
"06/01/2021","721.62","728.10","734.48","706.08","2.52B","-0.53%"
"05/01/2021","725.46","714.58","735.28","712.86","2.35B","1.65%"
"04/01/2021","713.69","699.18","723.68","693.03","2.50B","2.03%"
"03/01/2021","699.46","654.41","711.65","644.47","3.42B","7.71%"
"02/01/2021","649.39","660.00","682.92","649.09","2.45B","-1.50%"
"01/01/2021","659.25","695.33","695.97","659.03","2.88B","-5.32%"
"12/01/2020","696.32","689.49","697.47","681.62","2.57B","1.45%"
"11/01/2020","686.37","649.05","698.78","644.94","2.52B","7.34%"
"10/01/2020","639.46","660.64","687.66","632.13","2.28B","-2.99%"
"09/01/2020","659.14","671.07","691.92","636.10","3.06B","-1.85%"
"08/01/2020","671.53","641.64","673.88","637.33","2.24B","4.60%"
"07/01/2020","642.01","601.36","645.40","601.14","2.76B","6.77%"
"06/01/2020","601.33","605.92","623.19","582.49","3.65B","-0.73%"
"05/01/2020","605.78","593.99","608.30","572.99","3.22B","1.38%"
"04/01/2020","597.56","544.62","623.70","542.43","3.48B","6.64%"
"03/01/2020","560.33","598.39","650.33","491.31","5.55B","-5.86%"
"02/01/2020","595.21","650.63","665.58","575.44","2.60B","-8.18%"
"01/01/2020","648.25","647.79","660.84","637.09","2.49B","0.20%"
"12/01/2019","646.97","633.46","651.63","630.15","2.27B","2.03%"
"11/01/2019","634.09","628.39","635.90","619.03","2.25B","1.08%"
"10/01/2019","627.29","629.94","631.63","613.23","2.55B","-0.33%"
"09/01/2019","629.38","619.43","632.38","615.25","2.62B","1.31%"
"08/01/2019","621.27","613.19","626.33","589.58","2.97B","1.64%"
"07/01/2019","611.23","600.41","627.34","597.00","2.40B","2.33%"
"06/01/2019","597.34","571.14","607.81","570.45","1.49B","4.81%"
"05/01/2019","569.93","594.18","598.27","568.98","","-3.99%"
"04/01/2019","593.64","580.90","594.15","568.64","","2.33%"
"03/01/2019","580.11","561.29","580.64","551.88","","3.67%"
"02/01/2019","559.56","548.51","563.74","544.27","","2.12%"
"01/01/2019","547.94","517.65","549.78","513.47","","4.99%"
"12/01/2018","521.88","575.99","578.84","496.77","","-9.46%"
"11/01/2018","576.42","566.12","585.95","556.88","","1.72%"
"10/01/2018","566.68","555.95","572.14","534.47","","2.12%"
"09/01/2018","554.91","550.49","567.81","548.89","","0.62%"
"08/01/2018","551.48","548.55","566.91","543.73","","0.34%"
"07/01/2018","549.60","527.59","551.62","522.79","","3.88%"
"06/01/2018","529.08","508.82","534.26","506.57","","4.15%"
"05/01/2018","508.01","514.44","517.47","500.20","","-1.79%"
"04/01/2018","517.25","540.27","550.46","510.00","","-4.52%"
"03/01/2018","541.73","548.04","563.80","522.83","","-1.32%"
"02/01/2018","548.98","594.14","596.43","541.99","","-7.84%"
"01/01/2018","595.65","588.46","606.90","581.40","","1.41%"
"12/01/2017","587.39","576.08","592.57","569.05","","1.97%"
"11/01/2017","576.07","547.08","577.57","540.27","","5.40%"
"10/01/2017","546.55","555.68","563.77","541.66","","-1.59%"
"09/01/2017","555.39","562.68","571.65","552.86","","-1.14%"
"08/01/2017","561.81","570.01","574.92","558.36","","-1.27%"
"07/01/2017","569.04","568.23","575.37","555.50","","0.39%"
"06/01/2017","566.83","581.97","588.43","563.80","","-2.53%"
"05/01/2017","581.55","566.67","583.05","559.47","","2.65%"
"04/01/2017","566.54","562.28","573.02","559.82","","0.85%"
"03/01/2017","561.79","566.55","569.99","560.48","","-0.71%"
"02/01/2017","565.79","537.84","567.63","535.44","","4.87%"
"01/01/2017","539.51","533.33","544.88","527.82","","1.45%"
"12/01/2016","531.79","515.36","538.48","511.00","","2.90%"
"11/01/2016","516.81","541.44","542.17","514.53","","-4.52%"
"10/01/2016","541.27","545.75","545.75","531.09","","-0.96%"
"09/01/2016","546.54","555.93","561.74","538.14","","-1.75%"
"08/01/2016","556.26","559.81","564.55","553.92","","-0.67%"
"07/01/2016","560.03","565.10","574.63","553.25","","-0.88%"
"06/01/2016","564.99","538.87","565.02","538.87","","4.81%"
"05/01/2016","539.07","535.87","553.35","528.95","","0.64%"
"04/01/2016","535.63","542.99","550.81","527.73","","-1.46%"
"03/01/2016","543.56","522.33","546.51","522.33","","4.32%"
"02/01/2016","521.06","519.99","531.30","501.04","","0.06%"
"01/01/2016","520.74","516.81","520.98","485.84","","0.45%"
"12/01/2015","518.42","506.55","526.54","502.14","","2.51%"
"11/01/2015","505.71","512.61","515.01","490.11","","-1.27%"
"10/01/2015","512.23","485.08","523.97","479.32","","5.63%"
"09/01/2015","484.91","483.78","496.14","471.56","","0.13%"
"08/01/2015","484.29","515.20","522.68","455.26","","-6.00%"
"07/01/2015","515.20","489.64","517.54","489.64","","5.30%"
"06/01/2015","489.27","500.24","504.33","485.79","","-2.16%"
"05/01/2015","500.09","496.73","510.53","496.02","","0.73%"
"04/01/2015","496.49","501.35","511.16","494.73","","-0.97%"
"03/01/2015","501.33","513.93","514.93","489.23","","-2.43%"
"02/01/2015","513.82","493.35","514.65","490.33","","4.17%"
"01/01/2015","493.24","500.00","516.61","492.56","","-1.27%"
"12/01/2014","499.58","506.03","511.40","485.95","","-1.37%"
"11/01/2014","506.50","480.96","507.94","480.13","","5.32%"
"10/01/2014","480.90","464.79","481.73","450.54","","3.40%"
"09/01/2014","465.07","463.91","469.96","460.80","","0.28%"
"08/01/2014","463.79","442.99","464.44","442.93","","4.57%"
"07/01/2014","443.51","459.57","468.08","443.51","","-3.44%"
"06/01/2014","459.33","461.41","467.72","455.96","","-0.53%"
"05/01/2014","461.78","453.71","462.06","449.71","","1.75%"
"04/01/2014","453.85","441.72","455.55","438.68","","2.70%"
"03/01/2014","441.92","432.64","442.63","429.09","","1.88%"
"02/01/2014","433.77","419.27","435.59","409.40","","3.49%"
"01/01/2014","419.15","442.18","442.18","415.00","","-5.30%"
"12/01/2013","442.62","441.65","444.31","428.70","","0.24%"
"11/01/2013","441.58","435.61","446.69","433.77","","1.42%"
"10/01/2013","435.38","410.10","441.48","407.71","","6.13%"
"09/01/2013","410.24","406.96","428.16","404.64","","0.96%"
"08/01/2013","406.32","426.21","430.97","402.16","","-4.54%"
"07/01/2013","425.66","410.18","431.55","409.48","","3.88%"
"06/01/2013","409.77","412.28","424.10","401.63","","-0.61%"
"05/01/2013","412.30","422.19","434.67","412.30","","-2.39%"
"04/01/2013","422.39","410.33","428.01","407.95","","2.90%"
"03/01/2013","410.47","392.22","410.71","391.11","","4.50%"
"02/01/2013","392.78","381.47","396.88","380.30","","3.06%"
"01/01/2013","381.12","361.94","382.83","361.94","496.39M","5.64%"
"12/01/2012","360.78","370.42","373.81","355.57","2.95B","-2.54%"
"11/01/2012","370.18","365.31","370.73","349.66","3.34B","1.43%"
"10/01/2012","364.96","369.94","377.55","362.03","3.45B","-1.35%"
"09/01/2012","369.97","365.92","374.11","363.53","3.43B","1.11%"
"08/01/2012","365.92","368.30","371.33","362.01","3.39B","-0.65%"
"07/01/2012","368.30","358.92","369.76","355.55","3.63B","2.61%"
"06/01/2012","358.92","347.33","358.92","340.25","3.98B","3.34%"
"05/01/2012","347.33","351.85","354.55","343.75","3.89B","-1.28%"
"04/01/2012","351.85","351.49","354.88","344.62","3.65B","0.10%"
"03/01/2012","351.49","341.18","352.16","338.29","3.39B","3.02%"
"02/01/2012","341.20","329.84","342.29","329.84","3.53B","3.44%"
"01/01/2012","329.84","335.54","338.63","328.18","3.27B","-1.70%"
"12/01/2011","335.54","327.60","338.05","322.76","3.18B","2.42%"
"11/01/2011","327.60","319.89","333.21","310.84","3.51B","2.41%"
"10/01/2011","319.89","306.71","326.83","296.13","3.87B","4.30%"
"09/01/2011","306.71","318.48","320.76","302.31","4.34B","-3.70%"
"08/01/2011","318.50","317.34","320.33","290.39","5.79B","0.37%"
"07/01/2011","317.34","322.66","329.50","317.14","3.22B","-1.65%"
"06/01/2011","322.66","331.93","331.93","315.55","3.81B","-2.85%"
"05/01/2011","332.13","324.45","333.87","322.22","3.54B","2.37%"
"04/01/2011","324.45","308.85","324.92","308.85","3.13B","5.05%"
"03/01/2011","308.85","305.42","310.02","294.81","4.20B","1.12%"
"02/01/2011","305.42","298.26","307.16","298.26","3.83B","2.40%"
"01/01/2011","298.26","303.58","306.24","297.39","3.94B","-1.75%"
"12/01/2010","303.58","292.20","305.39","292.20","3.61B","3.83%"
"11/01/2010","292.38","296.38","301.77","291.28","3.77B","-1.35%"
"10/01/2010","296.38","288.27","298.79","287.20","3.71B","2.81%"
"09/01/2010","288.27","273.37","291.35","273.37","3.54B","5.38%"
"08/01/2010","273.56","277.97","283.19","271.99","3.94B","-1.59%"
"07/01/2010","277.97","262.62","282.44","260.78","4.01B","5.84%"
"06/01/2010","262.64","270.21","277.35","262.11","5.29B","-2.80%"
"05/01/2010","270.21","283.64","285.89","265.14","5.41B","-4.73%"
"04/01/2010","283.64","288.13","290.28","281.59","3.89B","-1.56%"
"03/01/2010","288.13","278.19","290.43","278.19","4.36B","3.57%"
"02/01/2010","278.19","270.88","280.73","265.58","4.28B","2.70%"
"01/01/2010","270.88","274.30","280.13","270.37","3.86B","-1.25%"
"12/01/2009","274.30","276.11","281.32","269.99","3.67B","-0.66%"
"11/01/2009","276.11","265.94","281.15","265.54","3.92B","3.82%"
"10/01/2009","265.94","263.18","274.92","259.95","4.40B","1.04%"
"09/01/2009","263.19","254.89","265.15","251.45","4.45B","3.26%"
"08/01/2009","254.89","252.85","256.90","247.42","3.85B","0.81%"
"07/01/2009","252.85","238.16","256.47","236.57","4.13B","6.16%"
"06/01/2009","238.18","237.76","246.22","233.49","4.49B","0.18%"
"05/01/2009","237.75","225.41","238.84","223.32","4.30B","5.47%"
"04/01/2009","225.41","218.74","229.32","216.44","4.39B","3.04%"
"03/01/2009","218.77","211.27","226.23","199.30","5.37B","3.55%"
"02/01/2009","211.27","227.76","233.03","209.85","4.72B","-7.24%"
"01/01/2009","227.76","246.66","252.42","226.92","4.75B","-7.66%"
"12/01/2008","246.66","248.55","249.05","232.46","4.81B","-0.77%"
"11/01/2008","248.57","253.68","260.59","221.47","5.46B","-2.01%"
"10/01/2008","253.68","285.26","289.46","225.34","7.76B","-11.08%"
"09/01/2008","285.30","289.98","301.20","277.85","5.56B","-1.61%"
"08/01/2008","289.98","282.87","299.59","281.98","3.98B","2.51%"
"07/01/2008","282.87","273.94","287.77","271.86","5.34B","3.25%"
"06/01/2008","273.97","293.82","295.34","273.31","4.63B","-6.76%"
"05/01/2008","293.82","290.10","295.12","286.86","3.86B","1.28%"
"04/01/2008","290.10","291.22","295.61","287.97","4.07B","-0.38%"
"03/01/2008","291.22","282.82","292.87","277.77","3.76B","2.97%"
"02/01/2008","282.83","283.56","290.04","277.67","3.63B","-0.26%"
"01/01/2008","283.56","299.52","302.83","274.03","4.77B","-5.34%"
"12/01/2007","299.55","303.32","307.71","297.89","2.89B","-1.25%"
"11/01/2007","303.33","294.91","303.54","288.07","3.65B","2.86%"
"10/01/2007","294.91","290.10","295.52","286.85","3.61B","1.66%"
"09/01/2007","290.10","278.51","290.21","274.82","2.80B","4.16%"
"08/01/2007","278.51","271.80","285.42","269.23","4.18B","2.47%"
"07/01/2007","271.80","278.44","285.16","270.88","3.61B","-2.38%"
"06/01/2007","278.44","284.69","287.19","275.55","3.72B","-2.20%"
"05/01/2007","284.69","281.34","286.05","277.68","3.70B","1.19%"
"04/01/2007","281.34","272.68","284.18","272.68","3.49B","3.18%"
"03/01/2007","272.68","268.63","274.13","261.33","3.68B","1.51%"
"02/01/2007","268.63","273.35","276.69","264.07","2.55B","-1.73%"
"01/01/2007","273.35","268.38","274.26","267.84","2.60B","1.84%"
"12/01/2006","268.41","262.66","270.16","260.24","2.26B","2.19%"
"11/01/2006","262.66","265.52","266.03","260.25","2.93B","-1.08%"
"10/01/2006","265.52","260.75","267.64","258.44","2.99B","1.83%"
"09/01/2006","260.75","261.67","264.58","259.08","2.31B","-0.35%"
"08/01/2006","261.67","252.59","262.43","250.52","2.23B","3.59%"
"07/01/2006","252.59","248.12","254.43","245.95","2.17B","1.80%"
"06/01/2006","248.12","245.19","250.36","240.34","2.39B","1.19%"
"05/01/2006","245.19","244.01","248.60","241.15","2.64B","0.48%"
"04/01/2006","244.01","242.52","244.65","237.33","1.96B","0.61%"
"03/01/2006","242.52","242.07","248.54","241.05","2.32B","0.19%"
"02/01/2006","242.07","239.75","245.64","236.78","1.98B","0.97%"
"01/01/2006","239.75","240.17","243.42","238.17","2.34B","-0.17%"
"12/01/2005","240.17","241.15","247.64","239.49","2.03B","-0.41%"
"11/01/2005","241.15","239.43","244.96","237.25","1.93B","0.72%"
"10/01/2005","239.43","240.47","241.18","232.68","2.32B","-0.43%"
"09/01/2005","240.47","237.75","241.41","231.28","2.73B","1.14%"
"08/01/2005","237.75","241.50","242.19","234.85","1.98B","-1.55%"
"07/01/2005","241.50","234.24","243.33","232.23","1.76B","2.95%"
"06/01/2005","234.58","239.02","242.08","233.51","1.89B","-2.11%"
"05/01/2005","239.63","234.32","242.92","234.03","1.72B","2.04%"
"04/01/2005","234.84","237.16","239.25","231.12","2.10B","-1.06%"
"03/01/2005","237.36","239.79","244.23","234.58","2.12B","-1.01%"
"02/01/2005","239.79","239.57","243.86","237.08","1.81B","0.09%"
"01/01/2005","239.57","236.99","241.82","234.55","1.82B","1.09%"
"12/01/2004","236.99","228.41","238.27","228.41","1.79B","3.76%"
"11/01/2004","228.41","222.04","235.64","221.12","1.86B","2.87%"
"10/01/2004","222.04","220.74","224.40","215.63","1.79B","0.59%"
"09/01/2004","220.74","227.48","231.65","217.87","1.83B","-2.96%"
"08/01/2004","227.48","223.29","228.71","220.05","1.56B","1.88%"
"07/01/2004","223.29","234.95","235.84","222.03","1.68B","-4.97%"
"06/01/2004","234.96","234.42","239.77","232.74","1.67B","0.23%"
"05/01/2004","234.43","237.62","239.45","228.37","1.65B","-1.34%"
"04/01/2004","237.62","234.99","240.05","232.92","1.64B","1.12%"
"03/01/2004","234.99","236.37","239.45","227.91","1.84B","-0.58%"
"02/01/2004","236.37","223.85","237.34","223.62","1.62B","5.67%"
"01/01/2004","223.69","223.59","225.16","219.27","","0.09%"
"12/01/2003","223.50","219.96","223.50","217.25","","1.66%"
"11/01/2003","219.85","218.00","220.80","215.16","","0.84%"
"10/01/2003","218.01","208.18","218.35","208.17","","4.83%"
"09/01/2003","207.96","208.88","212.92","206.99","","-0.48%"
"08/01/2003","208.96","205.00","209.13","201.52","65.59M","1.92%"
"07/01/2003","205.02","206.33","211.11","203.57","1.43B","-0.70%"
"06/01/2003","206.47","205.00","212.16","205.00","1.40B","0.73%"
"05/01/2003","204.97","195.81","206.11","192.69","1.57B","4.71%"
"04/01/2003","195.75","190.25","198.06","188.84","1.39B","2.89%"
"03/01/2003","190.25","191.61","199.47","182.56","1.46B","-0.59%"
"02/01/2003","191.38","197.12","199.44","189.46","1.03B","-2.90%"
"01/01/2003","197.10","204.67","211.81","192.34","1.19B","-3.68%"
"12/01/2002","204.62","204.19","209.04","201.72","1.18B","0.23%"
"11/01/2002","204.15","210.08","212.98","200.61","1.28B","-3.02%"
"10/01/2002","210.51","203.68","218.83","203.65","1.69B","3.43%"
"09/01/2002","203.53","219.32","222.74","200.33","1.32B","-7.50%"
"08/01/2002","220.03","217.82","228.49","212.24","1.22B","0.96%"
"07/01/2002","217.94","228.51","232.14","191.66","1.77B","-4.63%"
"06/01/2002","228.52","243.33","244.34","224.26","1.33B","-6.10%"
"05/01/2002","243.36","241.41","247.40","238.68","1.06B","0.82%"
"04/01/2002","241.38","236.74","244.07","234.22","1.08B","1.85%"
"03/01/2002","236.99","229.76","237.79","226.38","1.02B","3.28%"
"02/01/2002","229.47","220.75","231.99","217.69","968.81M","3.99%"
"01/01/2002","220.67","218.16","220.67","213.72","1.13B","1.04%"
"12/01/2001","218.39","216.92","222.24","211.04","1.00B","0.50%"
"11/01/2001","217.31","215.83","220.99","214.66","","2.17%"
"10/01/2001","212.70","213.43","217.12","210.16","","-0.63%"
"09/01/2001","214.05","221.22","223.64","204.42","","-2.05%"
"08/01/2001","218.53","208.31","221.84","208.25","","4.05%"
"07/01/2001","210.02","210.59","211.02","206.45","","0.70%"
"06/01/2001","208.55","215.51","216.34","206.25","","-3.29%"
"05/01/2001","215.65","216.91","218.97","212.99","","1.79%"
"04/01/2001","211.85","212.89","213.22","203.93","","-0.91%"
"03/01/2001","213.79","224.41","228.14","206.22","","-5.31%"
"02/01/2001","225.77","226.10","232.97","223.79","","1.19%"
"01/01/2001","223.12","237.06","237.06","215.97","","-6.31%"
"12/01/2000","238.15","238.15","238.15","238.15","","3.66%"
"11/01/2000","229.74","229.74","229.74","229.74","","4.41%"
"10/01/2000","220.03","220.03","220.03","220.03","","11.56%"
"09/01/2000","197.23","197.23","197.23","197.23","","4.34%"
"08/01/2000","189.03","189.03","189.03","189.03","","-1.47%"
"07/01/2000","191.85","191.85","191.85","191.85","","-1.09%"
"06/01/2000","193.96","193.96","193.96","193.96","","0.85%"
"05/01/2000","192.32","192.32","192.32","192.32","","9.44%"
"04/01/2000","175.73","175.73","175.73","175.73","","2.44%"
"03/01/2000","171.55","171.55","171.55","171.55","","-1.41%"
"02/01/2000","174.01","174.01","174.01","174.01","","-10.24%"
"01/01/2000","193.87","193.87","193.87","193.87","","-6.82%"
"12/01/1999","208.05","208.05","208.05","208.05","","-3.54%"
"11/01/1999","215.68","215.68","215.68","215.68","","1.28%"
"10/01/1999","212.96","212.96","212.96","212.96","","7.14%"
"09/01/1999","198.76","198.76","198.76","198.76","","-10.43%"
"08/01/1999","221.91","221.91","221.91","221.91","","-1.84%"
"07/01/1999","226.06","226.06","226.06","226.06","","-0.96%"
"06/01/1999","228.26","228.26","228.26","228.26","","-1.24%"
"05/01/1999","231.12","231.12","231.12","231.12","","0.19%"
"04/01/1999","230.68","230.68","230.68","230.68","","1.11%"
"03/01/1999","228.15","228.15","228.15","228.15","","-2.22%"
"02/01/1999","233.32","233.32","233.32","233.32","","-4.26%"
"01/01/1999","243.69","243.69","243.69","243.69","","-2.29%"
"12/01/1998","249.40","249.40","249.40","249.40","","1.68%"
"11/01/1998","245.27","245.27","245.27","245.27","","4.18%"
"10/01/1998","235.43","235.43","235.43","235.43","","14.92%"
"09/01/1998","204.86","204.86","204.86","204.86","","0.21%"
"08/01/1998","204.44","204.44","204.44","204.44","","-11.88%"
"07/01/1998","232.01","232.01","232.01","232.01","","-4.61%"
"06/01/1998","243.22","243.22","243.22","243.22","","3.83%"
"05/01/1998","234.25","234.25","234.25","234.25","","1.53%"
"04/01/1998","230.72","230.72","230.72","230.72","","-3.04%"
"03/01/1998","237.95","237.95","237.95","237.95","","4.64%"
"02/01/1998","227.40","227.40","227.40","227.40","","6.10%"
"01/01/1998","214.33","214.33","214.33","214.33","","-2.14%"
"12/01/1997","219.01","219.01","219.01","219.01","","3.67%"
"11/01/1997","211.25","211.25","211.25","211.25","","7.38%"
"10/01/1997","196.74","196.74","196.74","196.74","","-2.05%"
"09/01/1997","200.86","200.86","200.86","200.86","","4.55%"
"08/01/1997","192.11","192.11","192.11","192.11","","-9.23%"
"07/01/1997","211.65","211.65","211.65","211.65","","3.72%"
"06/01/1997","204.06","204.06","204.06","204.06","","3.34%"
"05/01/1997","197.47","197.47","197.47","197.47","","4.91%"
"04/01/1997","188.22","188.22","188.22","188.22","","7.69%"
"03/01/1997","174.78","174.78","174.78","174.78","","-5.74%"
"02/01/1997","185.42","185.42","185.42","185.42","","4.43%"
"01/01/1997","177.55","177.55","177.55","177.55","","5.81%"
"12/01/1996","167.80","167.80","167.80","167.80","","0.35%"
"11/01/1996","167.22","167.22","167.22","167.22","","5.36%"
"10/01/1996","158.72","158.72","158.72","158.72","","1.49%"
"09/01/1996","156.39","156.39","156.39","156.39","","5.60%"
"08/01/1996","148.10","148.10","148.10","148.10","","-1.19%"
"07/01/1996","149.88","149.88","149.88","149.88","","-2.66%"
"06/01/1996","153.98","153.98","153.98","153.98","","3.80%"
"05/01/1996","148.34","148.34","148.34","148.34","","5.84%"
"04/01/1996","140.16","140.16","140.16","140.16","","-0.19%"
"03/01/1996","140.43","140.43","140.43","140.43","","-1.40%"
"02/01/1996","142.42","142.42","142.42","142.42","","1.58%"
"01/01/1996","140.20","140.20","140.20","140.20","","2.91%"
"12/01/1995","136.24","136.24","136.24","136.24","","1.36%"
"11/01/1995","134.41","134.41","134.41","134.41","","4.30%"
"10/01/1995","128.87","128.87","128.87","128.87","","2.54%"
"09/01/1995","125.68","125.68","125.68","125.68","","7.29%"
"08/01/1995","117.14","117.14","117.14","117.14","","-0.48%"
"07/01/1995","117.71","117.71","117.71","117.71","","-0.01%"
"06/01/1995","117.72","117.72","117.72","117.72","","1.61%"
"05/01/1995","115.85","115.85","115.85","115.85","","4.31%"
"04/01/1995","111.06","111.06","111.06","111.06","","2.82%"
"03/01/1995","108.01","108.01","108.01","108.01","","2.89%"
"02/01/1995","104.98","104.98","104.98","104.98","","2.86%"
"01/01/1995","102.06","102.06","102.06","102.06","","2.05%"
"12/01/1994","100.01","100.01","100.01","100.01","","1.53%"
"11/01/1994","98.50","98.50","98.50","98.50","","-1.25%"
"10/01/1994","99.75","99.75","99.75","99.75","","3.08%"
"09/01/1994","96.77","96.77","96.77","96.77","","-0.32%"
"08/01/1994","97.08","97.08","97.08","97.08","","6.94%"
"07/01/1994","90.78","90.78","90.78","90.78","","3.70%"
"06/01/1994","87.54","87.54","87.54","87.54","","-2.59%"
"05/01/1994","89.87","89.87","89.87","89.87","","-1.44%"
"04/01/1994","91.18","91.18","91.18","91.18","","2.39%"
"03/01/1994","89.05","89.05","89.05","89.05","","-4.19%"
"02/01/1994","92.94","92.94","92.94","92.94","","-1.04%"
"01/01/1994","93.92","93.92","93.92","93.92","","0.30%"
"12/01/1993","93.64","93.64","93.64","93.64","","0.79%"
"11/01/1993","92.91","92.91","92.91","92.91","","0.24%"
"10/01/1993","92.69","92.69","92.69","92.69","","6.82%"
"09/01/1993","86.77","86.77","86.77","86.77","","-2.63%"
"08/01/1993","89.11","89.11","89.11","89.11","","3.64%"
"07/01/1993","85.98","85.98","85.98","85.98","","-3.60%"
"06/01/1993","89.19","89.19","89.19","89.19","","-0.34%"
"05/01/1993","89.49","89.49","89.49","89.49","","1.68%"
"04/01/1993","88.01","88.01","88.01","88.01","","-9.05%"
"03/01/1993","96.77","96.77","96.77","96.77","","0.01%"
"02/01/1993","96.76","96.76","96.76","96.76","","-0.85%"
"01/01/1993","97.59","97.59","97.59","97.59","","-2.32%"
"12/01/1992","99.91","99.91","99.91","99.91","","-0.75%"
"11/01/1992","100.67","100.67","100.67","100.67","","1.88%"
"10/01/1992","98.81","98.81","98.81","98.81","","-0.13%"
"09/01/1992","98.94","98.94","98.94","98.94","","1.45%"
"08/01/1992","97.53","97.53","97.53","97.53","","0.74%"
"07/01/1992","96.81","96.81","96.81","96.81","","5.65%"
"06/01/1992","91.63","91.63","91.63","91.63","","-2.87%"
"05/01/1992","94.34","94.34","94.34","94.34","","1.01%"
"04/01/1992","93.40","93.40","93.40","93.40","","0.80%"
"03/01/1992","92.66","92.66","92.66","92.66","","-1.23%"
"02/01/1992","93.81","93.81","93.81","93.81","","-0.15%"
"01/01/1992","93.95","93.95","93.95","93.95","","-3.11%"
"12/01/1991","96.97","96.97","96.97","96.97","","15.30%"
"11/01/1991","84.10","84.10","84.10","84.10","","-0.13%"
"10/01/1991","84.21","84.21","84.21","84.21","","-0.13%"
"09/01/1991","84.32","84.32","84.32","84.32","","-3.47%"
"08/01/1991","87.35","87.35","87.35","87.35","","5.10%"
"07/01/1991","83.11","83.11","83.11","83.11","","6.10%"
"06/01/1991","78.33","78.33","78.33","78.33","","-5.44%"
"05/01/1991","82.84","82.84","82.84","82.84","","2.98%"
"04/01/1991","80.44","80.44","80.44","80.44","","-2.03%"
"03/01/1991","82.11","82.11","82.11","82.11","","5.43%"
"02/01/1991","77.88","77.88","77.88","77.88","","8.94%"
"01/01/1991","71.49","71.49","71.49","71.49","","2.03%"
"12/01/1990","70.07","70.07","70.07","70.07","","3.96%"
"11/01/1990","67.40","67.40","67.40","67.40","","5.21%"
"10/01/1990","64.06","64.06","64.06","64.06","","5.10%"
"09/01/1990","60.95","60.95","60.95","60.95","","-3.88%"
"08/01/1990","63.41","63.41","63.41","63.41","","-7.28%"
"07/01/1990","68.39","68.39","68.39","68.39","","1.00%"
"06/01/1990","67.71","67.71","67.71","67.71","","3.63%"
"05/01/1990","65.34","65.34","65.34","65.34","","10.20%"
"04/01/1990","59.29","59.29","59.29","59.29","","1.14%"
"03/01/1990","58.62","58.62","58.62","58.62","","5.74%"
"02/01/1990","55.44","55.44","55.44","55.44","","-1.58%"
"01/01/1990","56.33","56.33","56.33","56.33","","-9.64%"